run,type,module,name,attrname,attrvalue,vectime,vecvalue
BaseVersion-4-20240511-20:45:07-11874,runattr,,,configname,BaseVersion,,
BaseVersion-4-20240511-20:45:07-11874,runattr,,,datetime,20240511-20:45:07,,
BaseVersion-4-20240511-20:45:07-11874,runattr,,,datetimef,20240511-204507,,
BaseVersion-4-20240511-20:45:07-11874,runattr,,,experiment,BaseVersion,,
BaseVersion-4-20240511-20:45:07-11874,runattr,,,inifile,omnetpp.ini,,
BaseVersion-4-20240511-20:45:07-11874,runattr,,,iterationvars,$genInterval=0.3,,
BaseVersion-4-20240511-20:45:07-11874,runattr,,,iterationvarsd,genInterval=0.3,,
BaseVersion-4-20240511-20:45:07-11874,runattr,,,iterationvarsf,genInterval=0.3-,,
BaseVersion-4-20240511-20:45:07-11874,runattr,,,measurement,$genInterval=0.3,,
BaseVersion-4-20240511-20:45:07-11874,runattr,,,network,Network,,
BaseVersion-4-20240511-20:45:07-11874,runattr,,,processid,11874,,
BaseVersion-4-20240511-20:45:07-11874,runattr,,,repetition,0,,
BaseVersion-4-20240511-20:45:07-11874,runattr,,,replication,#0,,
BaseVersion-4-20240511-20:45:07-11874,runattr,,,resultdir,results,,
BaseVersion-4-20240511-20:45:07-11874,runattr,,,runnumber,4,,
BaseVersion-4-20240511-20:45:07-11874,runattr,,,seedset,4,,
BaseVersion-4-20240511-20:45:07-11874,itervar,,,genInterval,0.3,,
BaseVersion-4-20240511-20:45:07-11874,config,,,network,Network,,
BaseVersion-4-20240511-20:45:07-11874,config,,,sim-time-limit,200s,,
BaseVersion-4-20240511-20:45:07-11874,config,,,Network.nodeTx.gen.generationInterval,exponential(0.3),,
BaseVersion-4-20240511-20:45:07-11874,config,,,Network.nodeTx.gen.packetByteSize,12500,,
BaseVersion-4-20240511-20:45:07-11874,config,,,Network.nodeTx.queue.bufferSize,200,,
BaseVersion-4-20240511-20:45:07-11874,config,,,Network.nodeRx.queue.bufferSize,200,,
BaseVersion-4-20240511-20:45:07-11874,config,,,Network.queue.bufferSize,200,,
BaseVersion-4-20240511-20:45:07-11874,vector,Network.nodeTx.gen,packetGen,,,"1.023645695755 1.716291404947 1.954004200535 2.010878873098 3.090967559374 3.671561492565 4.04794769467 4.329689324744 4.688618544298 4.961678494307 5.034716621522 5.080474681701 6.20283556729 6.279112048942 6.28098697275 6.640603198289 6.728103142595 7.428569084729 7.599737277222 7.900425144134 8.353823177207 8.35537492848 8.421451149347 8.67629075593 9.272608248886 9.407196610953 10.636714555671 10.914716844937 10.968398238985 11.117557016163 11.390451326963 11.891761955989 11.894469969879 12.178901420116 12.325508783341 12.418476365327 12.432025805336 12.741800928387 13.683356031649 14.183257105652 14.355145428615 14.360907840633 15.253553275676 15.265731245021 15.728694281047 16.598841881528 17.202464905511 17.379831240579 17.436876429218 17.611545277627 17.634917065966 17.655307436794 17.930752219452 17.988777127193 18.043943948924 18.646656218649 19.043235661364 19.599699348536 19.757198953536 20.534892365844 20.760067308708 21.372841642992 22.20496206433 22.745972110017 22.967224817693 23.057950690631 23.092302481932 23.103226434054 23.154898622937 23.232826362542 23.469197368243 23.540362715873 23.763318726297 23.82311775586 24.127628251493 24.241618437443 24.395614779182 24.478356088981 24.793135726998 24.934313716128 25.086015395448 25.386458873227 25.679841792708 25.755548827778 26.193085746678 26.23789730319 26.29705742 26.55517020022 26.696447785042 26.826456138385 27.035923992163 27.225116783715 27.573263488772 27.706571913617 27.794352019004 27.820401686107 28.063131337942 28.150602066733 28.444795527734 28.459365315474 29.136939112769 29.932184932583 30.067411673936 30.148223419108 30.452689893039 30.952341516286 31.016094011022 31.056558843428 31.263182381062 31.286800025712 31.347231302948 31.694346812362 32.446062267579 33.327720589736 33.497316787589 33.611112823131 34.143031996128 34.769933081276 34.931688423095 35.291051454822 35.996167087625 36.128357903462 36.284027950368 36.988855788373 37.109525417679 37.251208627256 37.505895537405 38.068546673158 38.628705630261 39.025353694823 39.617368979614 39.977543573471 40.249214186989 40.581367735987 40.607906173818 40.632913886999 40.905758034526 40.919460606661 41.003952202064 41.033963970846 41.429659509036 41.503211190898 42.178355015375 42.67190026325 42.888817672687 42.920552663183 43.198124491454 43.218047012657 43.238231394903 44.102688336438 44.335695717887 44.389029106144 44.43052743742 44.699380975664 44.985394109411 45.886249333956 46.021851464566 46.158927779804 46.596920437222 46.603477178191 46.618402620038 46.839015169838 46.873914012885 46.983937082416 47.329563042594 47.866758459719 48.08362624318 48.878710386484 49.133048744802 49.174460463182 49.731267288676 50.264864767356 50.465540273782 50.929131727358 51.427579211762 51.778589893782 51.992744059485 52.308069028895 53.09211210881 53.922889496079 54.252708267775 54.333524075402 54.381830740196 54.578852140021 54.71488019785 55.501752887563 56.104224039868 56.162812517704 56.292179058716 56.342005440818 56.404861135141 57.434478408183 57.626429332756 57.74239980895 57.892059622452 58.542993180275 58.832424777985 59.068910753767 59.241128940033 59.380266794676 59.470972403346 59.515148793396 59.674698314473 59.710505835518 59.873424769539 59.895933417085 60.594063949398 60.658482322332 61.826387695608 61.827266961517 62.120372987605 62.748539462135 62.774594044841 63.604621397629 64.00077194105 64.210309161176 64.550909535556 64.963806582545 65.488456010343 65.689385472772 65.817446342031 65.818624923235 65.836830339385 66.022983070539 66.306870315231 66.354028722261 66.393750485954 66.504545945282 66.93209333935 67.351861122423 67.826441968898 68.248831485962 68.406423873827 69.154953913269 70.0185921529 70.823697587265 70.88096577194 70.909305701112 71.766545076903 71.83173255546 72.019653825883 72.2669508915 72.698851392687 72.701995815841 73.121287597491 73.199656860594 74.391984797667 74.403252232204 75.489932628514 75.51637957429 75.528654649488 75.854336018263 75.859166075646 76.121958077789 76.35707028276 76.746404842379 76.756744271141 77.460945655309 77.782377285447 77.787434979062 78.01708750947 78.69809922698 79.027585487752 79.237879410175 79.412544054045 79.698756981269 79.794187596909 79.837607126244 80.73434701722 80.925926570284 81.316809853355 81.61881359917 81.62071680545 81.823773570201 81.855157728792 82.659058952932 82.958709871201 83.782874289553 83.884793017906 84.092714045478 84.249796981868 84.407901517202 84.864235031358 85.363779075257 85.494933401577 85.71249302484 86.492825119106 86.69464568053 87.077020189893 87.689992747755 87.930832104097 88.615936899713 88.675825378595 88.720786962419 88.878869088713 89.271174590998 89.702933537109 89.952893895638 91.35935565862 92.024244134863 92.047195848117 92.161256355527 92.204678297956 92.625229191967 93.029402908266 93.127634274095 93.665969671763 93.704175406979 93.732064331891 93.809299834749 94.339861491799 94.785989914185 95.249552056338 95.714420103591 96.064058566697 96.379627349787 96.504248539708 96.614446529617 96.79083449056 98.576968138171 98.713839133544 98.818550059033 99.369199646326 99.700087188733 99.819480118099 99.911543870821 100.028380792043 100.193025212778 101.014381039424 101.64324238605 102.400913547353 102.673378984048 103.712372285997 103.811137124023 104.305511155138 104.720491256975 104.747769349192 105.138056202667 105.166649736948 105.517796923322 105.762108161106 105.942344580394 106.524110269721 106.72283987711 107.369601554575 107.525467415348 107.829348107142 108.740129572909 109.675869915776 109.680856211167 109.730278136084 109.843064573605 109.918211646214 111.3032909714 111.424553564594 112.070912732275 112.159951746687 112.165994914432 112.278274264464 112.310815615908 112.348636158362 112.378277654268 112.519442057125 112.612133106929 112.621200979813 112.68625538564 112.917770762463 113.068100849583 113.942779820341 114.410193031635 114.586896864311 114.614567823476 114.908139957171 115.050509771266 115.334389700004 115.483500076632 116.2961214667 116.404140248285 116.802003912012 116.991073920804 117.513657882398 118.915811900295 119.038585808334 119.451190286684 120.165239647237 120.191528697488 120.252975876011 120.539611681624 120.696877289719 120.762037348417 121.163233728937 121.307048417626 121.428743326091 122.312466934819 122.964287429749 123.044799562795 123.636042147415 123.79218335083 123.846322856523 124.915826108034 124.994526305294 125.008001198528 125.024159083097 125.124903548239 125.712008815243 125.806612814725 125.93091533883 126.117358571889 126.267248484059 126.433155687023 126.527719146058 126.950464369854 126.989916822094 127.076821429852 127.259981648447 127.857075041143 127.937327934004 128.203081421921 128.451533257835 128.820982581017 128.888964336695 128.896683305006 129.111538834775 129.155516942748 130.044356411036 130.281522126516 130.421007233443 130.512086538817 131.437252989675 131.498424936643 131.516097152884 131.550380934887 131.789137714461 131.817626265754 132.092361640941 132.317286046927 133.296395589701 133.364959792476 134.142781374676 134.246739681118 134.461299930159 135.239129466968 135.666622736749 135.726331318749 136.844060119602 137.151023291245 137.551134171642 137.582925792703 138.506372969962 138.67827425199 139.516817690024 139.91762456474 140.114823755355 140.643090523344 140.966640113563 141.114462322946 141.173942598317 141.209535201427 141.381890405237 141.621626253542 142.224879053925 142.695945048733 142.954224610078 144.821393814979 144.919717454771 145.461854693236 145.501157095197 145.727072357873 145.806205465054 145.966045579681 146.00610244962 146.025485416565 146.10537136816 146.170827273265 146.315975296745 146.497422377471 146.510576136318 146.639686928055 147.187053618843 147.247879472795 147.403038364918 148.013782724865 148.265143734789 148.395492017634 148.698782912665 148.752938107275 148.795698333929 148.898800504226 148.924699205301 149.335621913469 149.386691981241 150.295594080447 151.581058056503 151.907171332699 151.940288355925 152.056148019496 152.220943078344 152.431817407474 153.055799539925 153.084315209894 153.347635067356 153.647773715864 153.653080476872 153.882808849845 154.541473617863 154.646103967913 154.79152838526 155.047019084661 155.10209867204 155.256197108578 155.379572577957 155.859558553184 156.130088668365 156.261929439721 156.273472233501 156.383665144591 156.692930372097 156.736047183178 157.018611599934 157.678107483257 157.756047378471 157.912692139832 158.079239183875 158.68019331 158.744714290866 159.137753639326 159.144221822056 159.416497895762 159.679561121366 160.186050899873 160.362880108304 160.691197567118 161.244853230502 161.292726294684 161.359315438217 161.650040391187 161.824307030503 161.845745981808 162.176039583892 162.864497212654 162.885731683902 163.346324190806 163.478032292761 163.479196339475 163.826739707511 164.640098079875 164.72443790889 164.798175899221 164.933932216553 165.02626325373 165.284636235218 165.924239908031 166.082242878654 167.031557410386 167.659696249736 167.742433696123 168.332013254338 168.534567808897 169.073256296805 169.478117893152 169.644797414343 169.855756918681 169.919021380348 169.929106865062 170.234656322643 170.304221951813 170.471888132603 171.023645932701 171.235094717497 171.796711534051 172.112560857828 173.218984281206 174.062715335689 174.136549060598 174.632017478373 175.641436015408 175.68088461525 175.931629843278 176.645671284931 177.492116120021 177.831209552432 177.862550924134 177.977996183307 178.955930408776 179.348722618477 179.491784552519 179.685071041244 179.721164866587 179.968163880747 179.983338715967 180.237805487818 180.302920817383 180.352202574508 180.92146886906 181.056285558798 181.259654337628 181.431323582428 182.611566399523 182.629403866019 182.952196963712 183.338112677102 183.433532182129 183.552248151111 183.863318522481 184.057686281476 184.140865498696 185.028152654542 185.337107583007 185.94452163223 185.980011763343 186.075700095559 186.206718136298 186.360101703612 186.587200680497 186.841254012169 186.841661049574 186.879834493636 187.112433472059 187.589595328403 187.722654261318 187.840012864411 188.058836800998 188.095700269933 188.167830316319 188.536309805381 189.254793894461 189.471819052694 190.029629472275 190.037871789457 190.122103300495 190.37030141291 191.095216732655 191.528659366026 192.041871494934 192.051331904766 192.190055561907 192.511577407359 192.670843223316 192.757204613136 194.151909845006 194.323335458743 194.36772118358 194.390192375111 194.441462135678 194.66939475633 194.708581141872 195.546805320176 195.57857266293 195.687646153282 196.097945889769 196.117639589632 196.43959025317 197.005199719324 197.204017035654 198.08863480984 198.240808343141 198.44344222277 198.613003647035 199.330459625138 199.938502006517","1 1 1 1 1 1 1 1 1 1 1 1 1 1 1 1 1 1 1 1 1 1 1 1 1 1 1 1 1 1 1 1 1 1 1 1 1 1 1 1 1 1 1 1 1 1 1 1 1 1 1 1 1 1 1 1 1 1 1 1 1 1 1 1 1 1 1 1 1 1 1 1 1 1 1 1 1 1 1 1 1 1 1 1 1 1 1 1 1 1 1 1 1 1 1 1 1 1 1 1 1 1 1 1 1 1 1 1 1 1 1 1 1 1 1 1 1 1 1 1 1 1 1 1 1 1 1 1 1 1 1 1 1 1 1 1 1 1 1 1 1 1 1 1 1 1 1 1 1 1 1 1 1 1 1 1 1 1 1 1 1 1 1 1 1 1 1 1 1 1 1 1 1 1 1 1 1 1 1 1 1 1 1 1 1 1 1 1 1 1 1 1 1 1 1 1 1 1 1 1 1 1 1 1 1 1 1 1 1 1 1 1 1 1 1 1 1 1 1 1 1 1 1 1 1 1 1 1 1 1 1 1 1 1 1 1 1 1 1 1 1 1 1 1 1 1 1 1 1 1 1 1 1 1 1 1 1 1 1 1 1 1 1 1 1 1 1 1 1 1 1 1 1 1 1 1 1 1 1 1 1 1 1 1 1 1 1 1 1 1 1 1 1 1 1 1 1 1 1 1 1 1 1 1 1 1 1 1 1 1 1 1 1 1 1 1 1 1 1 1 1 1 1 1 1 1 1 1 1 1 1 1 1 1 1 1 1 1 1 1 1 1 1 1 1 1 1 1 1 1 1 1 1 1 1 1 1 1 1 1 1 1 1 1 1 1 1 1 1 1 1 1 1 1 1 1 1 1 1 1 1 1 1 1 1 1 1 1 1 1 1 1 1 1 1 1 1 1 1 1 1 1 1 1 1 1 1 1 1 1 1 1 1 1 1 1 1 1 1 1 1 1 1 1 1 1 1 1 1 1 1 1 1 1 1 1 1 1 1 1 1 1 1 1 1 1 1 1 1 1 1 1 1 1 1 1 1 1 1 1 1 1 1 1 1 1 1 1 1 1 1 1 1 1 1 1 1 1 1 1 1 1 1 1 1 1 1 1 1 1 1 1 1 1 1 1 1 1 1 1 1 1 1 1 1 1 1 1 1 1 1 1 1 1 1 1 1 1 1 1 1 1 1 1 1 1 1 1 1 1 1 1 1 1 1 1 1 1 1 1 1 1 1 1 1 1 1 1 1 1 1 1 1 1 1 1 1 1 1 1 1 1 1 1 1 1 1 1 1 1 1 1 1 1 1 1 1 1 1 1 1 1 1 1 1 1 1 1 1 1 1 1 1 1 1 1 1 1 1 1 1 1 1 1 1 1 1 1 1 1 1 1 1 1 1 1 1 1 1 1 1 1 1 1 1 1 1 1 1 1 1 1 1 1 1 1 1 1 1 1 1 1 1 1 1 1 1 1 1 1 1 1 1 1 1 1 1 1 1 1"
BaseVersion-4-20240511-20:45:07-11874,vector,Network.nodeTx.queue,bufferSize,,,"1.023645695755 1.716291404947 1.954004200535 2.010878873098 3.090967559374 3.671561492565 4.04794769467 4.329689324744 4.688618544298 4.961678494307 5.034716621522 5.080474681701 6.20283556729 6.279112048942 6.28098697275 6.640603198289 6.728103142595 7.428569084729 7.599737277222 7.900425144134 8.353823177207 8.35537492848 8.421451149347 8.67629075593 9.272608248886 9.407196610953 10.636714555671 10.914716844937 10.968398238985 11.117557016163 11.390451326963 11.891761955989 11.894469969879 12.178901420116 12.325508783341 12.418476365327 12.432025805336 12.741800928387 13.683356031649 14.183257105652 14.355145428615 14.360907840633 15.253553275676 15.265731245021 15.728694281047 16.598841881528 17.202464905511 17.379831240579 17.436876429218 17.611545277627 17.634917065966 17.655307436794 17.930752219452 17.988777127193 18.043943948924 18.646656218649 19.043235661364 19.599699348536 19.757198953536 20.534892365844 20.760067308708 21.372841642992 22.20496206433 22.745972110017 22.967224817693 23.057950690631 23.092302481932 23.103226434054 23.154898622937 23.232826362542 23.469197368243 23.540362715873 23.763318726297 23.82311775586 24.127628251493 24.241618437443 24.395614779182 24.478356088981 24.793135726998 24.934313716128 25.086015395448 25.386458873227 25.679841792708 25.755548827778 26.193085746678 26.23789730319 26.29705742 26.55517020022 26.696447785042 26.826456138385 27.035923992163 27.225116783715 27.573263488772 27.706571913617 27.794352019004 27.820401686107 28.063131337942 28.150602066733 28.444795527734 28.459365315474 29.136939112769 29.932184932583 30.067411673936 30.148223419108 30.452689893039 30.952341516286 31.016094011022 31.056558843428 31.263182381062 31.286800025712 31.347231302948 31.694346812362 32.446062267579 33.327720589736 33.497316787589 33.611112823131 34.143031996128 34.769933081276 34.931688423095 35.291051454822 35.996167087625 36.128357903462 36.284027950368 36.988855788373 37.109525417679 37.251208627256 37.505895537405 38.068546673158 38.628705630261 39.025353694823 39.617368979614 39.977543573471 40.249214186989 40.581367735987 40.607906173818 40.632913886999 40.905758034526 40.919460606661 41.003952202064 41.033963970846 41.429659509036 41.503211190898 42.178355015375 42.67190026325 42.888817672687 42.920552663183 43.198124491454 43.218047012657 43.238231394903 44.102688336438 44.335695717887 44.389029106144 44.43052743742 44.699380975664 44.985394109411 45.886249333956 46.021851464566 46.158927779804 46.596920437222 46.603477178191 46.618402620038 46.839015169838 46.873914012885 46.983937082416 47.329563042594 47.866758459719 48.08362624318 48.878710386484 49.133048744802 49.174460463182 49.731267288676 50.264864767356 50.465540273782 50.929131727358 51.427579211762 51.778589893782 51.992744059485 52.308069028895 53.09211210881 53.922889496079 54.252708267775 54.333524075402 54.381830740196 54.578852140021 54.71488019785 55.501752887563 56.104224039868 56.162812517704 56.292179058716 56.342005440818 56.404861135141 57.434478408183 57.626429332756 57.74239980895 57.892059622452 58.542993180275 58.832424777985 59.068910753767 59.241128940033 59.380266794676 59.470972403346 59.515148793396 59.674698314473 59.710505835518 59.873424769539 59.895933417085 60.594063949398 60.658482322332 61.826387695608 61.827266961517 62.120372987605 62.748539462135 62.774594044841 63.604621397629 64.00077194105 64.210309161176 64.550909535556 64.963806582545 65.488456010343 65.689385472772 65.817446342031 65.818624923235 65.836830339385 66.022983070539 66.306870315231 66.354028722261 66.393750485954 66.504545945282 66.93209333935 67.351861122423 67.826441968898 68.248831485962 68.406423873827 69.154953913269 70.0185921529 70.823697587265 70.88096577194 70.909305701112 71.766545076903 71.83173255546 72.019653825883 72.2669508915 72.698851392687 72.701995815841 73.121287597491 73.199656860594 74.391984797667 74.403252232204 75.489932628514 75.51637957429 75.528654649488 75.854336018263 75.859166075646 76.121958077789 76.35707028276 76.746404842379 76.756744271141 77.460945655309 77.782377285447 77.787434979062 78.01708750947 78.69809922698 79.027585487752 79.237879410175 79.412544054045 79.698756981269 79.794187596909 79.837607126244 80.73434701722 80.925926570284 81.316809853355 81.61881359917 81.62071680545 81.823773570201 81.855157728792 82.659058952932 82.958709871201 83.782874289553 83.884793017906 84.092714045478 84.249796981868 84.407901517202 84.864235031358 85.363779075257 85.494933401577 85.71249302484 86.492825119106 86.69464568053 87.077020189893 87.689992747755 87.930832104097 88.615936899713 88.675825378595 88.720786962419 88.878869088713 89.271174590998 89.702933537109 89.952893895638 91.35935565862 92.024244134863 92.047195848117 92.161256355527 92.204678297956 92.625229191967 93.029402908266 93.127634274095 93.665969671763 93.704175406979 93.732064331891 93.809299834749 94.339861491799 94.785989914185 95.249552056338 95.714420103591 96.064058566697 96.379627349787 96.504248539708 96.614446529617 96.79083449056 98.576968138171 98.713839133544 98.818550059033 99.369199646326 99.700087188733 99.819480118099 99.911543870821 100.028380792043 100.193025212778 101.014381039424 101.64324238605 102.400913547353 102.673378984048 103.712372285997 103.811137124023 104.305511155138 104.720491256975 104.747769349192 105.138056202667 105.166649736948 105.517796923322 105.762108161106 105.942344580394 106.524110269721 106.72283987711 107.369601554575 107.525467415348 107.829348107142 108.740129572909 109.675869915776 109.680856211167 109.730278136084 109.843064573605 109.918211646214 111.3032909714 111.424553564594 112.070912732275 112.159951746687 112.165994914432 112.278274264464 112.310815615908 112.348636158362 112.378277654268 112.519442057125 112.612133106929 112.621200979813 112.68625538564 112.917770762463 113.068100849583 113.942779820341 114.410193031635 114.586896864311 114.614567823476 114.908139957171 115.050509771266 115.334389700004 115.483500076632 116.2961214667 116.404140248285 116.802003912012 116.991073920804 117.513657882398 118.915811900295 119.038585808334 119.451190286684 120.165239647237 120.191528697488 120.252975876011 120.539611681624 120.696877289719 120.762037348417 121.163233728937 121.307048417626 121.428743326091 122.312466934819 122.964287429749 123.044799562795 123.636042147415 123.79218335083 123.846322856523 124.915826108034 124.994526305294 125.008001198528 125.024159083097 125.124903548239 125.712008815243 125.806612814725 125.93091533883 126.117358571889 126.267248484059 126.433155687023 126.527719146058 126.950464369854 126.989916822094 127.076821429852 127.259981648447 127.857075041143 127.937327934004 128.203081421921 128.451533257835 128.820982581017 128.888964336695 128.896683305006 129.111538834775 129.155516942748 130.044356411036 130.281522126516 130.421007233443 130.512086538817 131.437252989675 131.498424936643 131.516097152884 131.550380934887 131.789137714461 131.817626265754 132.092361640941 132.317286046927 133.296395589701 133.364959792476 134.142781374676 134.246739681118 134.461299930159 135.239129466968 135.666622736749 135.726331318749 136.844060119602 137.151023291245 137.551134171642 137.582925792703 138.506372969962 138.67827425199 139.516817690024 139.91762456474 140.114823755355 140.643090523344 140.966640113563 141.114462322946 141.173942598317 141.209535201427 141.381890405237 141.621626253542 142.224879053925 142.695945048733 142.954224610078 144.821393814979 144.919717454771 145.461854693236 145.501157095197 145.727072357873 145.806205465054 145.966045579681 146.00610244962 146.025485416565 146.10537136816 146.170827273265 146.315975296745 146.497422377471 146.510576136318 146.639686928055 147.187053618843 147.247879472795 147.403038364918 148.013782724865 148.265143734789 148.395492017634 148.698782912665 148.752938107275 148.795698333929 148.898800504226 148.924699205301 149.335621913469 149.386691981241 150.295594080447 151.581058056503 151.907171332699 151.940288355925 152.056148019496 152.220943078344 152.431817407474 153.055799539925 153.084315209894 153.347635067356 153.647773715864 153.653080476872 153.882808849845 154.541473617863 154.646103967913 154.79152838526 155.047019084661 155.10209867204 155.256197108578 155.379572577957 155.859558553184 156.130088668365 156.261929439721 156.273472233501 156.383665144591 156.692930372097 156.736047183178 157.018611599934 157.678107483257 157.756047378471 157.912692139832 158.079239183875 158.68019331 158.744714290866 159.137753639326 159.144221822056 159.416497895762 159.679561121366 160.186050899873 160.362880108304 160.691197567118 161.244853230502 161.292726294684 161.359315438217 161.650040391187 161.824307030503 161.845745981808 162.176039583892 162.864497212654 162.885731683902 163.346324190806 163.478032292761 163.479196339475 163.826739707511 164.640098079875 164.72443790889 164.798175899221 164.933932216553 165.02626325373 165.284636235218 165.924239908031 166.082242878654 167.031557410386 167.659696249736 167.742433696123 168.332013254338 168.534567808897 169.073256296805 169.478117893152 169.644797414343 169.855756918681 169.919021380348 169.929106865062 170.234656322643 170.304221951813 170.471888132603 171.023645932701 171.235094717497 171.796711534051 172.112560857828 173.218984281206 174.062715335689 174.136549060598 174.632017478373 175.641436015408 175.68088461525 175.931629843278 176.645671284931 177.492116120021 177.831209552432 177.862550924134 177.977996183307 178.955930408776 179.348722618477 179.491784552519 179.685071041244 179.721164866587 179.968163880747 179.983338715967 180.237805487818 180.302920817383 180.352202574508 180.92146886906 181.056285558798 181.259654337628 181.431323582428 182.611566399523 182.629403866019 182.952196963712 183.338112677102 183.433532182129 183.552248151111 183.863318522481 184.057686281476 184.140865498696 185.028152654542 185.337107583007 185.94452163223 185.980011763343 186.075700095559 186.206718136298 186.360101703612 186.587200680497 186.841254012169 186.841661049574 186.879834493636 187.112433472059 187.589595328403 187.722654261318 187.840012864411 188.058836800998 188.095700269933 188.167830316319 188.536309805381 189.254793894461 189.471819052694 190.029629472275 190.037871789457 190.122103300495 190.37030141291 191.095216732655 191.528659366026 192.041871494934 192.051331904766 192.190055561907 192.511577407359 192.670843223316 192.757204613136 194.151909845006 194.323335458743 194.36772118358 194.390192375111 194.441462135678 194.66939475633 194.708581141872 195.546805320176 195.57857266293 195.687646153282 196.097945889769 196.117639589632 196.43959025317 197.005199719324 197.204017035654 198.08863480984 198.240808343141 198.44344222277 198.613003647035 199.330459625138 199.938502006517","1 1 1 1 1 1 1 1 1 1 1 1 1 1 2 1 1 1 1 1 1 1 2 1 1 1 1 1 1 1 1 1 1 1 1 1 1 1 1 1 1 1 1 1 1 1 1 1 1 1 1 2 1 1 1 1 1 1 1 1 1 1 1 1 1 1 1 2 3 3 1 2 1 1 1 1 1 1 1 1 1 1 1 1 1 1 1 1 1 1 1 1 1 1 1 1 1 1 1 1 1 1 1 1 1 1 1 1 1 1 2 1 1 1 1 1 1 1 1 1 1 1 1 1 1 1 1 1 1 1 1 1 1 1 1 2 1 1 2 2 1 1 1 1 1 1 1 1 2 1 1 1 2 1 1 1 1 1 1 1 2 1 2 2 1 1 1 1 1 1 1 1 1 1 1 1 1 1 1 1 1 1 1 1 1 1 1 1 1 1 1 1 1 1 1 1 1 1 1 1 1 1 1 1 1 1 1 1 1 1 1 1 1 1 1 1 1 1 1 1 1 1 2 1 1 1 2 2 1 1 1 1 1 1 1 1 1 2 1 1 1 1 1 1 1 1 1 1 1 1 2 1 1 1 1 1 1 1 1 1 1 1 1 1 1 1 1 1 1 1 1 1 1 1 1 1 1 1 1 1 1 1 1 1 1 1 1 1 1 1 1 1 1 1 1 1 1 1 1 1 1 1 2 1 1 1 1 1 2 2 1 1 1 1 1 1 1 1 1 1 1 1 1 1 1 1 1 1 1 1 1 1 1 1 1 1 1 1 1 1 1 1 1 1 1 1 1 1 1 1 2 2 2 1 1 1 1 2 1 2 3 3 3 3 4 4 3 3 1 1 1 1 1 1 1 1 1 1 1 1 1 1 1 1 1 1 2 1 1 1 1 1 1 1 1 1 1 1 1 1 1 2 2 2 1 1 1 1 1 1 1 1 1 1 1 1 1 1 1 1 1 2 1 1 1 1 1 1 1 1 2 2 1 2 1 1 1 1 1 1 1 1 1 1 1 1 1 1 1 1 1 1 1 1 1 1 1 2 1 1 1 1 1 1 1 1 1 1 1 1 1 2 2 2 2 1 2 2 1 1 1 1 1 1 1 1 2 1 2 1 1 1 1 1 1 1 1 1 1 1 1 1 1 1 1 1 1 1 1 1 1 1 1 1 1 1 1 1 1 1 1 1 1 1 1 1 1 1 1 1 1 1 1 1 1 1 1 1 1 1 1 1 1 1 1 1 1 1 1 1 1 1 1 1 1 1 1 1 1 1 1 1 1 2 1 1 1 1 1 1 1 1 1 1 1 1 1 1 1 1 1 1 1 1 1 1 1 1 1 1 1 1 1 1 1 1 1 1 1 1 1 1 1 1 1 1 1 1 1 1 1 1 1 1 1 1 2 1 1 1 1 1 1 1 1 1 1 1 1 2 1 1 1 1 1 1 1 1 1 1 1 1 2 2 1 2 1 1 1 1 1 1 1 1 1 1 1 1 1 1"
BaseVersion-4-20240511-20:45:07-11874,vector,Network.queue,bufferSize,,,"1.123745695755 1.816391404947 2.054104200535 2.154104200535 3.191067559374 3.771661492565 4.14804769467 4.429789324744 4.788718544298 5.061778494307 5.161778494307 5.261778494307 6.30293556729 6.40293556729 6.50293556729 6.740703198289 6.840703198289 7.528669084729 7.699837277222 8.000525144134 8.453923177207 8.553923177207 8.653923177207 8.77639075593 9.372708248886 9.507296610953 10.736814555671 11.014816844937 11.114816844937 11.217657016163 11.490551326963 11.991861955989 12.091861955989 12.279001420116 12.425608783341 12.525608783341 12.625608783341 12.841900928387 13.783456031649 14.283357105652 14.455245428615 14.555245428615 15.353653275676 15.453653275676 15.828794281047 16.698941881528 17.302564905511 17.479931240579 17.579931240579 17.711645277627 17.811645277627 17.911645277627 18.030852219452 18.130852219452 18.230852219452 18.746756218649 19.143335661364 19.699799348536 19.857298953536 20.634992365844 20.860167308708 21.472941642992 22.30506206433 22.846072110017 23.067324817693 23.167324817693 23.267324817693 23.367324817693 23.467324817693 23.567324817693 23.667324817693 23.767324817693 23.867324817693 23.967324817693 24.227728251493 24.341718437443 24.495714779182 24.595714779182 24.893235726998 25.034413716128 25.186115395448 25.486558873227 25.779941792708 25.879941792708 26.293185746678 26.393185746678 26.493185746678 26.65527020022 26.796547785042 26.926556138385 27.136023992163 27.325216783715 27.673363488772 27.806671913617 27.906671913617 28.006671913617 28.163231337942 28.263231337942 28.544895527734 28.644895527734 29.237039112769 30.032284932583 30.167511673936 30.267511673936 30.552789893039 31.052441516286 31.152441516286 31.252441516286 31.363282381062 31.463282381062 31.563282381062 31.794446812362 32.546162267579 33.427820589736 33.597416787589 33.711212823131 34.243131996128 34.870033081276 35.031788423095 35.391151454822 36.096267087625 36.228457903462 36.384127950368 37.088955788373 37.209625417679 37.351308627256 37.605995537405 38.168646673158 38.728805630261 39.125453694823 39.717468979614 40.077643573471 40.349314186989 40.681467735987 40.781467735987 40.881467735987 41.005858034526 41.105858034526 41.205858034526 41.305858034526 41.529759509036 41.629759509036 42.278455015375 42.77200026325 42.988917672687 43.088917672687 43.298224491454 43.398224491454 43.498224491454 44.202788336438 44.435795717887 44.535795717887 44.635795717887 44.799480975664 45.085494109411 45.986349333956 46.121951464566 46.259027779804 46.697020437222 46.797020437222 46.897020437222 46.997020437222 47.097020437222 47.197020437222 47.429663042594 47.966858459719 48.18372624318 48.978810386484 49.233148744802 49.333148744802 49.831367288676 50.364964767356 50.565640273782 51.029231727358 51.527679211762 51.878689893782 52.092844059485 52.408169028895 53.19221210881 54.022989496079 54.352808267775 54.452808267775 54.552808267775 54.678952140021 54.81498019785 55.601852887563 56.204324039868 56.304324039868 56.404324039868 56.504324039868 56.604324039868 57.534578408183 57.726529332756 57.84249980895 57.992159622452 58.643093180275 58.932524777985 59.169010753767 59.341228940033 59.480366794676 59.580366794676 59.680366794676 59.780366794676 59.880366794676 59.980366794676 60.080366794676 60.694163949398 60.794163949398 61.926487695608 62.026487695608 62.220472987605 62.848639462135 62.948639462135 63.704721397629 64.10087194105 64.310409161176 64.651009535556 65.063906582545 65.588556010343 65.789485472772 65.917546342031 66.017546342031 66.117546342031 66.217546342031 66.406970315231 66.506970315231 66.606970315231 66.706970315231 67.03219333935 67.451961122423 67.926541968898 68.348931485962 68.506523873827 69.255053913269 70.1186921529 70.923797587265 71.023797587265 71.123797587265 71.866645076903 71.966645076903 72.119753825883 72.3670508915 72.798951392687 72.898951392687 73.221387597491 73.321387597491 74.492084797667 74.592084797667 75.590032628514 75.690032628514 75.790032628514 75.954436018263 76.054436018263 76.222058077789 76.45717028276 76.846504842379 76.946504842379 77.561045655309 77.882477285447 77.982477285447 78.11718750947 78.79819922698 79.127685487752 79.337979410175 79.512644054045 79.798856981269 79.898856981269 79.998856981269 80.83444701722 81.026026570284 81.416909853355 81.71891359917 81.81891359917 81.923873570201 82.023873570201 82.759158952932 83.058809871201 83.882974289553 83.984893017906 84.192814045478 84.349896981868 84.508001517202 84.964335031358 85.463879075257 85.595033401577 85.81259302484 86.592925119106 86.79474568053 87.177120189893 87.790092747755 88.030932104097 88.716036899713 88.816036899713 88.916036899713 89.016036899713 89.371274590998 89.803033537109 90.052993895638 91.45945565862 92.124344134863 92.224344134863 92.324344134863 92.424344134863 92.725329191967 93.129502908266 93.229502908266 93.766069671763 93.866069671763 93.966069671763 94.066069671763 94.439961491799 94.886089914185 95.349652056338 95.814520103591 96.164158566697 96.479727349787 96.604348539708 96.714546529617 96.89093449056 98.677068138171 98.813939133544 98.918650059033 99.469299646326 99.800187188733 99.919580118099 100.019580118099 100.128480792043 100.293125212778 101.114481039424 101.74334238605 102.501013547353 102.773478984048 103.812472285997 103.912472285997 104.405611155138 104.820591256975 104.920591256975 105.238156202667 105.338156202667 105.617896923322 105.862208161106 106.042444580394 106.624210269721 106.82293987711 107.469701554575 107.625567415348 107.929448107142 108.840229572909 109.775969915776 109.875969915776 109.975969915776 110.075969915776 110.175969915776 111.4033909714 111.524653564594 112.171012732275 112.271012732275 112.371012732275 112.471012732275 112.571012732275 112.671012732275 112.771012732275 112.871012732275 112.971012732275 113.071012732275 113.171012732275 113.271012732275 113.371012732275 114.042879820341 114.510293031635 114.686996864311 114.786996864311 115.008239957171 115.150609771266 115.434489700004 115.583600076632 116.3962214667 116.504240248285 116.902103912012 117.091173920804 117.613757882398 119.015911900295 119.138685808334 119.551290286684 120.265339647237 120.365339647237 120.465339647237 120.639711681624 120.796977289719 120.896977289719 121.263333728937 121.407148417626 121.528843326091 122.412566934819 123.064387429749 123.164387429749 123.736142147415 123.89228335083 123.99228335083 125.015926108034 125.115926108034 125.215926108034 125.315926108034 125.415926108034 125.812108815243 125.912108815243 126.03101533883 126.217458571889 126.367348484059 126.533255687023 126.633255687023 127.050564369854 127.150564369854 127.250564369854 127.360081648447 127.957175041143 128.057175041143 128.303181421921 128.551633257835 128.921082581017 129.021082581017 129.121082581017 129.221082581017 129.321082581017 130.144456411036 130.381622126516 130.521107233443 130.621107233443 131.537352989675 131.637352989675 131.737352989675 131.837352989675 131.937352989675 132.037352989675 132.192461640941 132.417386046927 133.396495589701 133.496495589701 134.242881374676 134.346839681118 134.561399930159 135.339229466968 135.766722736749 135.866722736749 136.944160119602 137.251123291245 137.651234171642 137.751234171642 138.606472969962 138.77837425199 139.616917690024 140.01772456474 140.214923755355 140.743190523344 141.066740113563 141.214562322946 141.314562322946 141.414562322946 141.514562322946 141.721726253542 142.324979053925 142.796045048733 143.054324610078 144.921493814979 145.021493814979 145.561954693236 145.661954693236 145.827172357873 145.927172357873 146.066145579681 146.166145579681 146.266145579681 146.366145579681 146.466145579681 146.566145579681 146.666145579681 146.766145579681 146.866145579681 147.287153618843 147.387153618843 147.503138364918 148.113882724865 148.365243734789 148.495592017634 148.798882912665 148.898882912665 148.998882912665 149.098882912665 149.198882912665 149.435721913469 149.535721913469 150.395694080447 151.681158056503 152.007271332699 152.107271332699 152.207271332699 152.321043078344 152.531917407474 153.155899539925 153.255899539925 153.447735067356 153.747873715864 153.847873715864 153.982908849845 154.641573617863 154.746203967913 154.89162838526 155.147119084661 155.247119084661 155.356297108578 155.479672577957 155.959658553184 156.230188668365 156.362029439721 156.462029439721 156.562029439721 156.793030372097 156.893030372097 157.118711599934 157.778207483257 157.878207483257 158.012792139832 158.179339183875 158.78029331 158.88029331 159.237853639326 159.337853639326 159.516597895762 159.779661121366 160.286150899873 160.462980108304 160.791297567118 161.344953230502 161.444953230502 161.544953230502 161.750140391187 161.924407030503 162.024407030503 162.276139583892 162.964597212654 163.064597212654 163.446424190806 163.578132292761 163.678132292761 163.926839707511 164.740198079875 164.840198079875 164.940198079875 165.040198079875 165.140198079875 165.384736235218 166.024339908031 166.182342878654 167.131657410386 167.759796249736 167.859796249736 168.432113254338 168.634667808897 169.173356296805 169.578217893152 169.744897414343 169.955856918681 170.055856918681 170.155856918681 170.334756322643 170.434756322643 170.571988132603 171.123745932701 171.335194717497 171.896811534051 172.212660857828 173.319084281206 174.162815335689 174.262815335689 174.732117478373 175.741536015408 175.841536015408 176.031729843278 176.745771284931 177.592216120021 177.931309552432 178.031309552432 178.131309552432 179.056030408776 179.448822618477 179.591884552519 179.785171041244 179.885171041244 180.068263880747 180.168263880747 180.337905487818 180.437905487818 180.537905487818 181.02156886906 181.156385558798 181.359754337628 181.531423582428 182.711666399523 182.811666399523 183.052296963712 183.438212677102 183.538212677102 183.652348151111 183.963418522481 184.157786281476 184.257786281476 185.128252654542 185.437207583007 186.04462163223 186.14462163223 186.24462163223 186.34462163223 186.460201703612 186.687300680497 186.941354012169 187.041354012169 187.141354012169 187.241354012169 187.689695328403 187.822754261318 187.940112864411 188.158936800998 188.258936800998 188.358936800998 188.636409805381 189.354893894461 189.571919052694 190.129729472275 190.229729472275 190.329729472275 190.47040141291 191.195316732655 191.628759366026 192.141971494934 192.241971494934 192.341971494934 192.611677407359 192.770943223316 192.870943223316 194.252009845006 194.423435458743 194.523435458743 194.623435458743 194.723435458743 194.823435458743 194.923435458743 195.646905320176 195.746905320176 195.846905320176 196.198045889769 196.298045889769 196.53969025317 197.105299719324 197.304117035654 198.18873480984 198.340908343141 198.54354222277 198.713103647035 199.430559625138","1 1 1 1 1 1 1 1 1 1 1 1 1 1 1 1 1 1 1 1 1 1 1 1 1 1 1 1 1 1 1 1 1 1 1 1 1 1 1 1 1 1 1 1 1 1 1 1 1 1 1 1 1 1 1 1 1 1 1 1 1 1 1 1 1 1 1 1 1 1 1 1 1 1 1 1 1 1 1 1 1 1 1 1 1 1 1 1 1 1 1 1 1 1 1 1 1 1 1 1 1 1 1 1 1 1 1 1 1 1 1 1 1 1 1 1 1 1 1 1 1 1 1 1 1 1 1 1 1 1 1 1 1 1 1 1 1 1 1 1 1 1 1 1 1 1 1 1 1 1 1 1 1 1 1 1 1 1 1 1 1 1 1 1 1 1 1 1 1 1 1 1 1 1 1 1 1 1 1 1 1 1 1 1 1 1 1 1 1 1 1 1 1 1 1 1 1 1 1 1 1 1 1 1 1 1 1 1 1 1 1 1 1 1 1 1 1 1 1 1 1 1 1 1 1 1 1 1 1 1 1 1 1 1 1 1 1 1 1 1 1 1 1 1 1 1 1 1 1 1 1 1 1 1 1 1 1 1 1 1 1 1 1 1 1 1 1 1 1 1 1 1 1 1 1 1 1 1 1 1 1 1 1 1 1 1 1 1 1 1 1 1 1 1 1 1 1 1 1 1 1 1 1 1 1 1 1 1 1 1 1 1 1 1 1 1 1 1 1 1 1 1 1 1 1 1 1 1 1 1 1 1 1 1 1 1 1 1 1 1 1 1 1 1 1 1 1 1 1 1 1 1 1 1 1 1 1 1 1 1 1 1 1 1 1 1 1 1 1 1 1 1 1 1 1 1 1 1 1 1 1 1 1 1 1 1 1 1 1 1 1 1 1 1 1 1 1 1 1 1 1 1 1 1 1 1 1 1 1 1 1 1 1 1 1 1 1 1 1 1 1 1 1 1 1 1 1 1 1 1 1 1 1 1 1 1 1 1 1 1 1 1 1 1 1 1 1 1 1 1 1 1 1 1 1 1 1 1 1 1 1 1 1 1 1 1 1 1 1 1 1 1 1 1 1 1 1 1 1 1 1 1 1 1 1 1 1 1 1 1 1 1 1 1 1 1 1 1 1 1 1 1 1 1 1 1 1 1 1 1 1 1 1 1 1 1 1 1 1 1 1 1 1 1 1 1 1 1 1 1 1 1 1 1 1 1 1 1 1 1 1 1 1 1 1 1 1 1 1 1 1 1 1 1 1 1 1 1 1 1 1 1 1 1 1 1 1 1 1 1 1 1 1 1 1 1 1 1 1 1 1 1 1 1 1 1 1 1 1 1 1 1 1 1 1 1 1 1 1 1 1 1 1 1 1 1 1 1 1 1 1 1 1 1 1 1 1 1 1 1 1 1 1 1 1 1 1 1 1 1 1 1 1 1 1 1 1 1 1 1 1 1 1 1 1 1 1 1 1 1 1 1 1 1 1 1 1 1 1"
BaseVersion-4-20240511-20:45:07-11874,vector,Network.nodeRx.queue,bufferSize,,,"1.223845695755 1.916491404947 2.154204200535 2.254204200535 3.291167559374 3.871761492565 4.24814769467 4.529889324744 4.888818544298 5.161878494307 5.261878494307 5.361878494307 6.40303556729 6.50303556729 6.60303556729 6.840803198289 6.940803198289 7.628769084729 7.799937277222 8.100625144134 8.554023177207 8.654023177207 8.754023177207 8.87649075593 9.472808248886 9.607396610953 10.836914555671 11.114916844937 11.214916844937 11.317757016163 11.590651326963 12.091961955989 12.191961955989 12.379101420116 12.525708783341 12.625708783341 12.725708783341 12.942000928387 13.883556031649 14.383457105652 14.555345428615 14.655345428615 15.453753275676 15.553753275676 15.928894281047 16.799041881528 17.402664905511 17.580031240579 17.680031240579 17.811745277627 17.911745277627 18.011745277627 18.130952219452 18.230952219452 18.330952219452 18.846856218649 19.243435661364 19.799899348536 19.957398953536 20.735092365844 20.960267308708 21.573041642992 22.40516206433 22.946172110017 23.167424817693 23.267424817693 23.367424817693 23.467424817693 23.567424817693 23.667424817693 23.767424817693 23.867424817693 23.967424817693 24.067424817693 24.327828251493 24.441818437443 24.595814779182 24.695814779182 24.993335726998 25.134513716128 25.286215395448 25.586658873227 25.880041792708 25.980041792708 26.393285746678 26.493285746678 26.593285746678 26.75537020022 26.896647785042 27.026656138385 27.236123992163 27.425316783715 27.773463488772 27.906771913617 28.006771913617 28.106771913617 28.263331337942 28.363331337942 28.644995527734 28.744995527734 29.337139112769 30.132384932583 30.267611673936 30.367611673936 30.652889893039 31.152541516286 31.252541516286 31.352541516286 31.463382381062 31.563382381062 31.663382381062 31.894546812362 32.646262267579 33.527920589736 33.697516787589 33.811312823131 34.343231996128 34.970133081276 35.131888423095 35.491251454822 36.196367087625 36.328557903462 36.484227950368 37.189055788373 37.309725417679 37.451408627256 37.706095537405 38.268746673158 38.828905630261 39.225553694823 39.817568979614 40.177743573471 40.449414186989 40.781567735987 40.881567735987 40.981567735987 41.105958034526 41.205958034526 41.305958034526 41.405958034526 41.629859509036 41.729859509036 42.378555015375 42.87210026325 43.089017672687 43.189017672687 43.398324491454 43.498324491454 43.598324491454 44.302888336438 44.535895717887 44.635895717887 44.735895717887 44.899580975664 45.185594109411 46.086449333956 46.222051464566 46.359127779804 46.797120437222 46.897120437222 46.997120437222 47.097120437222 47.197120437222 47.297120437222 47.529763042594 48.066958459719 48.28382624318 49.078910386484 49.333248744802 49.433248744802 49.931467288676 50.465064767356 50.665740273782 51.129331727358 51.627779211762 51.978789893782 52.192944059485 52.508269028895 53.29231210881 54.123089496079 54.452908267775 54.552908267775 54.652908267775 54.779052140021 54.91508019785 55.701952887563 56.304424039868 56.404424039868 56.504424039868 56.604424039868 56.704424039868 57.634678408183 57.826629332756 57.94259980895 58.092259622452 58.743193180275 59.032624777985 59.269110753767 59.441328940033 59.580466794676 59.680466794676 59.780466794676 59.880466794676 59.980466794676 60.080466794676 60.180466794676 60.794263949398 60.894263949398 62.026587695608 62.126587695608 62.320572987605 62.948739462135 63.048739462135 63.804821397629 64.20097194105 64.410509161176 64.751109535556 65.164006582545 65.688656010343 65.889585472772 66.017646342031 66.117646342031 66.217646342031 66.317646342031 66.507070315231 66.607070315231 66.707070315231 66.807070315231 67.13229333935 67.552061122423 68.026641968898 68.449031485962 68.606623873827 69.355153913269 70.2187921529 71.023897587265 71.123897587265 71.223897587265 71.966745076903 72.066745076903 72.219853825883 72.4671508915 72.899051392687 72.999051392687 73.321487597491 73.421487597491 74.592184797667 74.692184797667 75.690132628514 75.790132628514 75.890132628514 76.054536018263 76.154536018263 76.322158077789 76.55727028276 76.946604842379 77.046604842379 77.661145655309 77.982577285447 78.082577285447 78.21728750947 78.89829922698 79.227785487752 79.438079410175 79.612744054045 79.898956981269 79.998956981269 80.098956981269 80.93454701722 81.126126570284 81.517009853355 81.81901359917 81.91901359917 82.023973570201 82.123973570201 82.859258952932 83.158909871201 83.983074289553 84.084993017906 84.292914045478 84.449996981868 84.608101517202 85.064435031358 85.563979075257 85.695133401577 85.91269302484 86.693025119106 86.89484568053 87.277220189893 87.890192747755 88.131032104097 88.816136899713 88.916136899713 89.016136899713 89.116136899713 89.471374590998 89.903133537109 90.153093895638 91.55955565862 92.224444134863 92.324444134863 92.424444134863 92.524444134863 92.825429191967 93.229602908266 93.329602908266 93.866169671763 93.966169671763 94.066169671763 94.166169671763 94.540061491799 94.986189914185 95.449752056338 95.914620103591 96.264258566697 96.579827349787 96.704448539708 96.814646529617 96.99103449056 98.777168138171 98.914039133544 99.018750059033 99.569399646326 99.900287188733 100.019680118099 100.119680118099 100.228580792043 100.393225212778 101.214581039424 101.84344238605 102.601113547353 102.873578984048 103.912572285997 104.012572285997 104.505711155138 104.920691256975 105.020691256975 105.338256202667 105.438256202667 105.717996923322 105.962308161106 106.142544580394 106.724310269721 106.92303987711 107.569801554575 107.725667415348 108.029548107142 108.940329572909 109.876069915776 109.976069915776 110.076069915776 110.176069915776 110.276069915776 111.5034909714 111.624753564594 112.271112732275 112.371112732275 112.471112732275 112.571112732275 112.671112732275 112.771112732275 112.871112732275 112.971112732275 113.071112732275 113.171112732275 113.271112732275 113.371112732275 113.471112732275 114.142979820341 114.610393031635 114.787096864311 114.887096864311 115.108339957171 115.250709771266 115.534589700004 115.683700076632 116.4963214667 116.604340248285 117.002203912012 117.191273920804 117.713857882398 119.116011900295 119.238785808334 119.651390286684 120.365439647237 120.465439647237 120.565439647237 120.739811681624 120.897077289719 120.997077289719 121.363433728937 121.507248417626 121.628943326091 122.512666934819 123.164487429749 123.264487429749 123.836242147415 123.99238335083 124.09238335083 125.116026108034 125.216026108034 125.316026108034 125.416026108034 125.516026108034 125.912208815243 126.012208815243 126.13111533883 126.317558571889 126.467448484059 126.633355687023 126.733355687023 127.150664369854 127.250664369854 127.350664369854 127.460181648447 128.057275041143 128.157275041143 128.403281421921 128.651733257835 129.021182581017 129.121182581017 129.221182581017 129.321182581017 129.421182581017 130.244556411036 130.481722126516 130.621207233443 130.721207233443 131.637452989675 131.737452989675 131.837452989675 131.937452989675 132.037452989675 132.137452989675 132.292561640941 132.517486046927 133.496595589701 133.596595589701 134.342981374676 134.446939681118 134.661499930159 135.439329466968 135.866822736749 135.966822736749 137.044260119602 137.351223291245 137.751334171642 137.851334171642 138.706572969962 138.87847425199 139.717017690024 140.11782456474 140.315023755355 140.843290523344 141.166840113563 141.314662322946 141.414662322946 141.514662322946 141.614662322946 141.821826253542 142.425079053925 142.896145048733 143.154424610078 145.021593814979 145.121593814979 145.662054693236 145.762054693236 145.927272357873 146.027272357873 146.166245579681 146.266245579681 146.366245579681 146.466245579681 146.566245579681 146.666245579681 146.766245579681 146.866245579681 146.966245579681 147.387253618843 147.487253618843 147.603238364918 148.213982724865 148.465343734789 148.595692017634 148.898982912665 148.998982912665 149.098982912665 149.198982912665 149.298982912665 149.535821913469 149.635821913469 150.495794080447 151.781258056503 152.107371332699 152.207371332699 152.307371332699 152.421143078344 152.632017407474 153.255999539925 153.355999539925 153.547835067356 153.847973715864 153.947973715864 154.083008849845 154.741673617863 154.846303967913 154.99172838526 155.247219084661 155.347219084661 155.456397108578 155.579772577957 156.059758553184 156.330288668365 156.462129439721 156.562129439721 156.662129439721 156.893130372097 156.993130372097 157.218811599934 157.878307483257 157.978307483257 158.112892139832 158.279439183875 158.88039331 158.98039331 159.337953639326 159.437953639326 159.616697895762 159.879761121366 160.386250899873 160.563080108304 160.891397567118 161.445053230502 161.545053230502 161.645053230502 161.850240391187 162.024507030503 162.124507030503 162.376239583892 163.064697212654 163.164697212654 163.546524190806 163.678232292761 163.778232292761 164.026939707511 164.840298079875 164.940298079875 165.040298079875 165.140298079875 165.240298079875 165.484836235218 166.124439908031 166.282442878654 167.231757410386 167.859896249736 167.959896249736 168.532213254338 168.734767808897 169.273456296805 169.678317893152 169.844997414343 170.055956918681 170.155956918681 170.255956918681 170.434856322643 170.534856322643 170.672088132603 171.223845932701 171.435294717497 171.996911534051 172.312760857828 173.419184281206 174.262915335689 174.362915335689 174.832217478373 175.841636015408 175.941636015408 176.131829843278 176.845871284931 177.692316120021 178.031409552432 178.131409552432 178.231409552432 179.156130408776 179.548922618477 179.691984552519 179.885271041244 179.985271041244 180.168363880747 180.268363880747 180.438005487818 180.538005487818 180.638005487818 181.12166886906 181.256485558798 181.459854337628 181.631523582428 182.811766399523 182.911766399523 183.152396963712 183.538312677102 183.638312677102 183.752448151111 184.063518522481 184.257886281476 184.357886281476 185.228352654542 185.537307583007 186.14472163223 186.24472163223 186.34472163223 186.44472163223 186.560301703612 186.787400680497 187.041454012169 187.141454012169 187.241454012169 187.341454012169 187.789795328403 187.922854261318 188.040212864411 188.259036800998 188.359036800998 188.459036800998 188.736509805381 189.454993894461 189.672019052694 190.229829472275 190.329829472275 190.429829472275 190.57050141291 191.295416732655 191.728859366026 192.242071494934 192.342071494934 192.442071494934 192.711777407359 192.871043223316 192.971043223316 194.352109845006 194.523535458743 194.623535458743 194.723535458743 194.823535458743 194.923535458743 195.023535458743 195.747005320176 195.847005320176 195.947005320176 196.298145889769 196.398145889769 196.63979025317 197.205399719324 197.404217035654 198.28883480984 198.441008343141 198.64364222277 198.813203647035 199.530659625138","1 1 1 1 1 1 1 1 1 1 1 1 1 1 1 1 2 1 1 1 1 1 1 2 1 1 1 1 1 1 1 1 1 1 1 2 2 2 1 1 1 1 1 1 1 1 1 1 1 1 2 2 3 3 4 2 1 1 1 1 1 1 1 1 1 1 1 2 2 3 3 4 4 5 5 5 5 6 5 6 6 5 5 5 4 5 5 6 6 6 6 6 5 6 6 7 7 8 7 8 6 3 3 3 3 2 2 3 3 4 4 4 1 1 1 1 1 1 1 1 1 1 1 1 1 1 1 1 1 1 1 1 1 1 1 1 2 2 3 3 3 4 2 1 1 1 1 1 2 1 1 1 1 2 1 1 1 1 1 1 1 2 2 3 3 1 1 1 1 1 1 1 1 1 1 1 1 1 1 1 1 1 1 2 2 1 1 1 1 2 2 1 1 1 1 1 1 1 1 1 1 2 2 3 3 4 2 2 1 1 1 1 1 1 1 1 1 1 1 1 1 1 2 2 2 3 3 4 3 2 1 1 1 1 1 1 1 1 1 1 1 1 1 1 1 1 1 1 1 1 1 2 2 2 2 1 2 1 1 1 1 1 1 1 1 1 1 1 1 1 1 1 1 1 2 1 1 1 1 1 1 1 1 1 1 1 1 1 1 1 1 1 1 1 2 1 1 1 1 1 1 1 2 1 1 1 1 1 1 2 1 1 1 1 1 1 1 1 1 1 1 1 1 1 1 1 2 2 1 1 1 1 1 1 1 1 1 1 1 1 1 1 1 1 1 1 1 1 1 1 1 2 2 1 1 1 1 1 2 2 3 3 4 4 5 5 6 6 4 3 3 3 3 4 3 3 1 1 1 1 1 1 1 1 1 1 1 2 2 2 2 2 2 1 1 1 1 1 1 1 1 1 2 2 2 2 2 2 3 3 3 2 3 3 4 2 2 2 2 1 1 2 2 3 1 1 1 1 1 1 1 2 2 3 3 3 1 1 1 1 1 1 1 1 1 1 1 1 1 1 1 1 1 1 1 1 1 2 2 2 1 1 1 1 1 1 1 1 2 2 2 3 3 4 4 5 5 6 5 5 6 4 3 4 3 4 4 5 5 5 6 2 1 1 1 1 2 2 1 1 1 1 1 1 1 1 1 1 1 2 2 1 1 1 1 2 2 2 2 1 1 1 1 1 1 1 1 1 1 1 1 1 1 1 1 1 2 2 2 1 1 1 1 1 1 1 1 1 2 2 2 1 1 1 1 1 1 1 1 1 1 1 1 2 2 2 3 1 1 1 1 1 1 1 1 1 1 1 1 1 1 1 1 1 1 1 1 1 1 2 2 3 3 2 2 2 2 1 1 1 1 1 1 1 1 1 1 1 1 1 1 2 2 2 2 3 3 4 2 3 3 3 3 4 4 1 1 1 1 1 2 1 1 1 1 1 1 1 2 1 1 1 2 2 3 3 1 1 2 1 1 1 1 1 1 1 1 1 1"
BaseVersion-4-20240511-20:45:07-11874,vector,Network.nodeRx.sink,Delay,,,"1.423845695755 2.116491404947 2.354204200535 2.554204200535 3.491167559374 4.071761492565 4.44814769467 4.729889324744 5.088818544298 5.361878494307 5.561878494307 5.761878494307 6.60303556729 6.80303556729 7.00303556729 7.20303556729 7.40303556729 7.828769084729 8.028769084729 8.300625144134 8.754023177207 8.954023177207 9.154023177207 9.354023177207 9.672808248886 9.872808248886 11.036914555671 11.314916844937 11.514916844937 11.714916844937 11.914916844937 12.291961955989 12.491961955989 12.691961955989 12.891961955989 13.091961955989 13.291961955989 13.491961955989 14.083556031649 14.583457105652 14.783457105652 14.983457105652 15.653753275676 15.853753275676 16.128894281047 16.999041881528 17.602664905511 17.802664905511 18.002664905511 18.202664905511 18.402664905511 18.602664905511 18.802664905511 19.002664905511 19.202664905511 19.402664905511 19.602664905511 19.999899348536 20.199899348536 20.935092365844 21.160267308708 21.773041642992 22.60516206433 23.146172110017 23.367424817693 23.567424817693 23.767424817693 23.967424817693 24.167424817693 24.367424817693 24.567424817693 24.767424817693 24.967424817693 25.167424817693 25.367424817693 25.567424817693 25.767424817693 25.967424817693 26.167424817693 26.367424817693 26.567424817693 26.767424817693 26.967424817693 27.167424817693 27.367424817693 27.567424817693 27.767424817693 27.967424817693 28.167424817693 28.367424817693 28.567424817693 28.767424817693 28.967424817693 29.167424817693 29.367424817693 29.567424817693 29.767424817693 29.967424817693 30.167424817693 30.367424817693 30.567424817693 30.767424817693 30.967424817693 31.167424817693 31.367424817693 31.567424817693 31.767424817693 31.967424817693 32.167424817693 32.367424817693 32.567424817693 32.767424817693 32.967424817693 33.727920589736 33.927920589736 34.127920589736 34.543231996128 35.170133081276 35.370133081276 35.691251454822 36.396367087625 36.596367087625 36.796367087625 37.389055788373 37.589055788373 37.789055788373 37.989055788373 38.468746673158 39.028905630261 39.425553694823 40.017568979614 40.377743573471 40.649414186989 40.981567735987 41.181567735987 41.381567735987 41.581567735987 41.781567735987 41.981567735987 42.181567735987 42.381567735987 42.581567735987 42.781567735987 43.07210026325 43.289017672687 43.489017672687 43.689017672687 43.889017672687 44.089017672687 44.502888336438 44.735895717887 44.935895717887 45.135895717887 45.335895717887 45.535895717887 46.286449333956 46.486449333956 46.686449333956 46.997120437222 47.197120437222 47.397120437222 47.597120437222 47.797120437222 47.997120437222 48.197120437222 48.397120437222 48.597120437222 49.278910386484 49.533248744802 49.733248744802 50.131467288676 50.665064767356 50.865740273782 51.329331727358 51.827779211762 52.178789893782 52.392944059485 52.708269028895 53.49231210881 54.323089496079 54.652908267775 54.852908267775 55.052908267775 55.252908267775 55.452908267775 55.901952887563 56.504424039868 56.704424039868 56.904424039868 57.104424039868 57.304424039868 57.834678408183 58.034678408183 58.234678408183 58.434678408183 58.943193180275 59.232624777985 59.469110753767 59.669110753767 59.869110753767 60.069110753767 60.269110753767 60.469110753767 60.669110753767 60.869110753767 61.069110753767 61.269110753767 61.469110753767 62.226587695608 62.426587695608 62.626587695608 63.148739462135 63.348739462135 64.004821397629 64.40097194105 64.610509161176 64.951109535556 65.364006582545 65.888656010343 66.089585472772 66.289585472772 66.489585472772 66.689585472772 66.889585472772 67.089585472772 67.289585472772 67.489585472772 67.689585472772 67.889585472772 68.089585472772 68.289585472772 68.649031485962 68.849031485962 69.555153913269 70.4187921529 71.223897587265 71.423897587265 71.623897587265 72.166745076903 72.366745076903 72.566745076903 72.766745076903 73.099051392687 73.299051392687 73.521487597491 73.721487597491 74.792184797667 74.992184797667 75.890132628514 76.090132628514 76.290132628514 76.490132628514 76.690132628514 76.890132628514 77.090132628514 77.290132628514 77.490132628514 77.861145655309 78.182577285447 78.382577285447 78.582577285447 79.09829922698 79.427785487752 79.638079410175 79.838079410175 80.098956981269 80.298956981269 80.498956981269 81.13454701722 81.33454701722 81.717009853355 82.01901359917 82.21901359917 82.41901359917 82.61901359917 83.059258952932 83.358909871201 84.183074289553 84.383074289553 84.583074289553 84.783074289553 84.983074289553 85.264435031358 85.763979075257 85.963979075257 86.163979075257 86.893025119106 87.09484568053 87.477220189893 88.090192747755 88.331032104097 89.016136899713 89.216136899713 89.416136899713 89.616136899713 89.816136899713 90.103133537109 90.353093895638 91.75955565862 92.424444134863 92.624444134863 92.824444134863 93.024444134863 93.224444134863 93.429602908266 93.629602908266 94.066169671763 94.266169671763 94.466169671763 94.666169671763 94.866169671763 95.186189914185 95.649752056338 96.114620103591 96.464258566697 96.779827349787 96.979827349787 97.179827349787 97.379827349787 98.977168138171 99.177168138171 99.377168138171 99.769399646326 100.100287188733 100.300287188733 100.500287188733 100.700287188733 100.900287188733 101.414581039424 102.04344238605 102.801113547353 103.073578984048 104.112572285997 104.312572285997 104.705711155138 105.120691256975 105.320691256975 105.538256202667 105.738256202667 105.938256202667 106.162308161106 106.362308161106 106.924310269721 107.124310269721 107.769801554575 107.969801554575 108.229548107142 109.140329572909 110.076069915776 110.276069915776 110.476069915776 110.676069915776 110.876069915776 111.7034909714 111.9034909714 112.471112732275 112.671112732275 112.871112732275 113.071112732275 113.271112732275 113.471112732275 113.671112732275 113.871112732275 114.071112732275 114.271112732275 114.471112732275 114.671112732275 114.871112732275 115.071112732275 115.271112732275 115.471112732275 115.671112732275 115.871112732275 116.071112732275 116.271112732275 116.471112732275 116.6963214667 116.8963214667 117.202203912012 117.402203912012 117.913857882398 119.316011900295 119.516011900295 119.851390286684 120.565439647237 120.765439647237 120.965439647237 121.165439647237 121.365439647237 121.565439647237 121.765439647237 121.965439647237 122.165439647237 122.712666934819 123.364487429749 123.564487429749 124.036242147415 124.236242147415 124.436242147415 125.316026108034 125.516026108034 125.716026108034 125.916026108034 126.116026108034 126.316026108034 126.516026108034 126.716026108034 126.916026108034 127.116026108034 127.316026108034 127.516026108034 127.716026108034 127.916026108034 128.116026108034 128.316026108034 128.516026108034 128.716026108034 128.916026108034 129.116026108034 129.316026108034 129.516026108034 129.716026108034 129.916026108034 130.116026108034 130.444556411036 130.681722126516 130.881722126516 131.081722126516 131.837452989675 132.037452989675 132.237452989675 132.437452989675 132.637452989675 132.837452989675 133.037452989675 133.237452989675 133.696595589701 133.896595589701 134.542981374676 134.742981374676 134.942981374676 135.639329466968 136.066822736749 136.266822736749 137.244260119602 137.551223291245 137.951334171642 138.151334171642 138.906572969962 139.106572969962 139.917017690024 140.31782456474 140.51782456474 141.043290523344 141.366840113563 141.566840113563 141.766840113563 141.966840113563 142.166840113563 142.366840113563 142.625079053925 143.096145048733 143.354424610078 145.221593814979 145.421593814979 145.862054693236 146.062054693236 146.262054693236 146.462054693236 146.662054693236 146.862054693236 147.062054693236 147.262054693236 147.462054693236 147.662054693236 147.862054693236 148.062054693236 148.262054693236 148.462054693236 148.662054693236 148.862054693236 149.062054693236 149.262054693236 149.462054693236 149.662054693236 149.862054693236 150.062054693236 150.262054693236 150.462054693236 150.662054693236 150.862054693236 151.062054693236 151.981258056503 152.307371332699 152.507371332699 152.707371332699 152.907371332699 153.107371332699 153.455999539925 153.655999539925 153.855999539925 154.055999539925 154.255999539925 154.455999539925 154.941673617863 155.141673617863 155.341673617863 155.541673617863 155.741673617863 155.941673617863 156.141673617863 156.341673617863 156.541673617863 156.741673617863 156.941673617863 157.141673617863 157.341673617863 157.541673617863 157.741673617863 158.078307483257 158.278307483257 158.478307483257 158.678307483257 159.08039331 159.28039331 159.537953639326 159.737953639326 159.937953639326 160.137953639326 160.586250899873 160.786250899873 161.091397567118 161.645053230502 161.845053230502 162.045053230502 162.245053230502 162.445053230502 162.645053230502 162.845053230502 163.264697212654 163.464697212654 163.746524190806 163.946524190806 164.146524190806 164.346524190806 165.040298079875 165.240298079875 165.440298079875 165.640298079875 165.840298079875 166.040298079875 166.324439908031 166.524439908031 167.431757410386 168.059896249736 168.259896249736 168.732213254338 168.934767808897 169.473456296805 169.878317893152 170.078317893152 170.278317893152 170.478317893152 170.678317893152 170.878317893152 171.078317893152 171.278317893152 171.478317893152 171.678317893152 172.196911534051 172.512760857828 173.619184281206 174.462915335689 174.662915335689 175.032217478373 176.041636015408 176.241636015408 176.441636015408 177.045871284931 177.892316120021 178.231409552432 178.431409552432 178.631409552432 179.356130408776 179.748922618477 179.948922618477 180.148922618477 180.348922618477 180.548922618477 180.748922618477 180.948922618477 181.148922618477 181.348922618477 181.548922618477 181.748922618477 181.948922618477 182.148922618477 183.011766399523 183.211766399523 183.411766399523 183.738312677102 183.938312677102 184.138312677102 184.338312677102 184.538312677102 184.738312677102 185.428352654542 185.737307583007 186.34472163223 186.54472163223 186.74472163223 186.94472163223 187.14472163223 187.34472163223 187.54472163223 187.74472163223 187.94472163223 188.14472163223 188.34472163223 188.54472163223 188.74472163223 188.94472163223 189.14472163223 189.34472163223 189.54472163223 189.74472163223 189.94472163223 190.429829472275 190.629829472275 190.829829472275 191.029829472275 191.495416732655 191.928859366026 192.442071494934 192.642071494934 192.842071494934 193.042071494934 193.242071494934 193.442071494934 194.552109845006 194.752109845006 194.952109845006 195.152109845006 195.352109845006 195.552109845006 195.752109845006 195.952109845006 196.152109845006 196.352109845006 196.552109845006 196.752109845006 196.952109845006 197.405399719324 197.605399719324 198.48883480984 198.68883480984 198.88883480984 199.08883480984 199.730659625138","0.4002 0.4002 0.4002 0.543325327437 0.4002 0.4002 0.4002 0.4002 0.4002 0.4002 0.527161872785 0.681403812606 0.4002 0.523923518348 0.72204859454 0.562432369001 0.674932424695 0.4002 0.429031807507 0.4002 0.4002 0.598648248727 0.73257202786 0.677732421277 0.4002 0.465611637933 0.4002 0.4002 0.546518605952 0.597359828774 0.524465517974 0.4002 0.59749198611 0.513060535873 0.566453172648 0.673485590662 0.859936150653 0.750161027602 0.4002 0.4002 0.428311677037 0.622549265019 0.4002 0.588022030655 0.4002 0.4002 0.4002 0.422833664932 0.565788476293 0.591119627884 0.767747839545 0.947357468717 0.871912686059 1.013887778318 1.158720956587 0.756008686862 0.559429244147 0.4002 0.442700395 0.4002 0.4002 0.4002 0.4002 0.4002 0.4002 0.509474127062 0.675122335761 0.864198383639 1.012526194756 1.134598455151 1.09822744945 1.22706210182 1.204106091396 1.344307061833 1.2397965662 1.32580638025 1.371810038511 1.489068728712 1.374289090695 1.433111101565 1.481409422245 1.380965944466 1.287583024985 1.411875989915 1.174339071015 1.329527514503 1.470367397693 1.412254617473 1.470977032651 1.540968679308 1.53150082553 1.542308033978 1.394161328921 1.460852904076 1.573072798689 1.747023131586 1.704293479751 1.81682275096 1.722629289959 1.908059502219 1.430485704924 0.83523988511 0.900013143757 1.019201398585 0.914734924654 0.615083301407 0.751330806671 0.910865974265 0.904242436631 1.080624791981 1.220193514745 1.073078005331 0.521362550114 0.4002 0.430603802147 0.516807766605 0.4002 0.4002 0.438444658181 0.4002 0.4002 0.468009184163 0.512339137257 0.4002 0.479530370694 0.537847161117 0.483160250968 0.4002 0.4002 0.4002 0.4002 0.4002 0.4002 0.4002 0.573661562169 0.748653848988 0.675809701461 0.862107129326 0.977615533923 1.147603765141 0.951908226951 1.078356545089 0.603212720612 0.4002 0.4002 0.568465009504 0.490893181233 0.67097066003 0.850786277784 0.4002 0.4002 0.546866611743 0.705368280467 0.636514742223 0.550501608476 0.4002 0.46459786939 0.527521554152 0.4002 0.593643259031 0.778717817184 0.758105267384 0.923206424337 1.013183354806 0.867557394628 0.530361977503 0.513494194042 0.4002 0.4002 0.55878828162 0.4002 0.4002 0.4002 0.4002 0.4002 0.4002 0.4002 0.4002 0.4002 0.4002 0.4002 0.519384192373 0.671077527579 0.674056127754 0.738028069925 0.4002 0.4002 0.541611522164 0.612244981152 0.76241859905 0.899562904727 0.4002 0.408249075427 0.492278599233 0.542618785731 0.4002 0.4002 0.4002 0.427981813734 0.488843959091 0.598138350421 0.753961960371 0.794412439294 0.958604918249 0.995685984228 1.173177336682 0.675046804369 0.810628431435 0.4002 0.599320734091 0.506214708003 0.4002 0.574145417294 0.4002 0.4002 0.4002 0.4002 0.4002 0.4002 0.4002 0.472139130741 0.670960549537 0.852755133387 0.866602402233 0.782715157541 0.935556750511 1.095834986818 1.18503952749 0.957492133422 0.737724350349 0.463143503874 0.4002 0.442607612135 0.4002 0.4002 0.4002 0.542931815325 0.714591886153 0.4002 0.535012521443 0.54709125102 0.499794185403 0.4002 0.597055576846 0.4002 0.521830736897 0.4002 0.588932565463 0.4002 0.573753054224 0.761477979026 0.635796610251 0.830966552868 0.768174550725 0.733062345754 0.543727786135 0.733388357373 0.4002 0.4002 0.595142306385 0.565489775977 0.4002 0.4002 0.4002 0.42553535613 0.4002 0.50476938436 0.661349855025 0.4002 0.408620446936 0.4002 0.4002 0.59829679372 0.595240028969 0.763855870378 0.4002 0.4002 0.4002 0.498281271647 0.490360244075 0.533277307685 0.575172772351 0.4002 0.4002 0.46904567368 0.451486050417 0.4002 0.4002 0.4002 0.4002 0.4002 0.4002 0.540311521118 0.695349937294 0.737267811 0.544962308715 0.4002 0.4002 0.4002 0.4002 0.577248286746 0.663187779336 0.819765836907 0.599214942896 0.4002 0.501968634171 0.4002 0.561994264784 0.734105339872 0.856869837014 0.526308179964 0.4002 0.4002 0.4002 0.4002 0.4002 0.475578810079 0.56538082017 0.588992859227 0.4002 0.463329004627 0.558618079138 0.4002 0.4002 0.480807070634 0.588743317912 0.67190639669 0.707261975955 0.4002 0.4002 0.4002 0.4002 0.4002 0.501435161974 0.4002 0.4002 0.572921907783 0.4002 0.571606465719 0.420459279345 0.4002 0.419963580712 0.4002 0.401470392611 0.4002 0.444334139227 0.4002 0.4002 0.4002 0.595213704609 0.745791779692 0.833005342171 0.957858269562 0.4002 0.478937406806 0.4002 0.511160985588 0.705117817843 0.792838467811 0.960297116367 1.122476573913 1.292835078007 1.35167067515 1.458979625346 1.649911752462 1.784857346635 1.753341969812 1.803011882692 1.128332911934 0.86091970064 0.884215867964 1.056544908799 0.962972775104 1.020602961009 0.936723032271 0.987612655643 0.4002 0.492181218415 0.4002 0.411129991208 0.4002 0.4002 0.477426091961 0.4002 0.4002 0.573910949749 0.712463771226 0.625827965613 0.668562357518 0.80340229882 0.6022059183 0.658391229611 0.736696321146 0.4002 0.4002 0.519687866954 0.4002 0.444058796585 0.589919290892 0.4002 0.52149980274 0.708024909506 0.891867024937 0.991122559795 0.604017292791 0.709413293309 0.785110769204 0.798667536145 0.848777623975 0.882870421011 0.988306961976 0.76556173818 0.92610928594 1.039204678182 1.056044459587 0.658951066891 0.77869817403 0.712944686113 0.664492850199 0.495043527017 0.627061771339 0.819342803028 0.804487273259 0.960509165286 0.4002 0.4002 0.460714893073 0.569635587699 0.4002 0.539028053032 0.721355836791 0.887072054788 0.848315275214 1.019826723921 0.945091348734 0.920166942748 0.4002 0.531635797225 0.4002 0.496241693558 0.481681444517 0.4002 0.4002 0.540491418 0.4002 0.4002 0.4002 0.568408378939 0.4002 0.428298717972 0.4002 0.4002 0.403000809385 0.4002 0.4002 0.452377790617 0.592897515246 0.757304912136 0.784949708326 0.745213860021 0.4002 0.4002 0.4002 0.4002 0.501876360208 0.4002 0.560897598039 0.534982335363 0.655849228182 0.696009113555 0.855952243616 1.036569276671 1.156683325076 1.291227419971 1.346079396491 1.364632315765 1.551478556918 1.622367765181 1.275001074393 1.414175220441 1.459016328318 1.048271968371 0.996910958447 1.066562675602 0.963271780571 1.109116585961 1.266356359307 1.36325418901 1.537355487935 1.326432779767 1.475362711995 0.766460612789 0.4002 0.4002 0.567082976774 0.651223313203 0.686428254355 0.675553925225 0.4002 0.571684330031 0.508364472569 0.408225824061 0.602919063053 0.57319069008 0.4002 0.49556964995 0.550145232603 0.494654533202 0.639574945823 0.685476509285 0.762101039906 0.482115064679 0.411584949498 0.479744178142 0.668201384362 0.758008473272 0.648743245766 0.805626434685 0.723062017929 0.4002 0.522260104786 0.565615343425 0.599068299382 0.4002 0.535679019134 0.4002 0.59373181727 0.521455743564 0.45839251796 0.4002 0.423370791569 0.4002 0.4002 0.552326935818 0.685737792285 0.595012839315 0.620746199999 0.799307248694 0.66901364661 0.4002 0.578965528752 0.4002 0.468491898045 0.667327851331 0.519784483295 0.4002 0.515860170985 0.642122180654 0.706365863322 0.814034826145 0.755661844657 0.4002 0.442197029377 0.4002 0.4002 0.517462553613 0.4002 0.4002 0.4002 0.4002 0.433520478809 0.422560974471 0.559296512804 0.74921102809 0.643661570509 0.774095941339 0.806429760549 0.454671960451 0.443223175655 0.4002 0.4002 0.4002 0.4002 0.526366275091 0.4002 0.4002 0.560751400158 0.51000617213 0.4002 0.4002 0.4002 0.568858628298 0.653413369125 0.4002 0.4002 0.457138065958 0.463851577233 0.62775775189 0.58075873773 0.76558390251 0.711117130659 0.846001801094 0.996720043969 0.627453749417 0.692637059679 0.689268280849 0.717599036049 0.4002 0.582362533504 0.459569435811 0.4002 0.504780494973 0.586064525991 0.474994154621 0.480626395626 0.597447178406 0.4002 0.4002 0.4002 0.564709868887 0.669021536671 0.738003495932 0.784619928618 0.757520951733 0.703467620061 0.903060582656 1.064887138594 1.032288160171 0.755126303827 0.822067370912 0.904708767819 0.885884831232 1.049021362297 1.176891315911 1.008411826849 0.489927737769 0.472902579536 0.4002 0.591957682818 0.70772617178 0.659528059365 0.4002 0.4002 0.4002 0.590739590168 0.652015933027 0.530494087575 0.571228271618 0.684866881798 0.4002 0.428774386263 0.584388661426 0.761917469895 0.910647709328 0.882715088676 1.043528703134 0.40530452483 0.573537182076 0.664463691724 0.454163955237 0.634470255374 0.512519591836 0.4002 0.40138268367 0.4002 0.448026466699 0.44539258707 0.475831162805 0.4002"
BaseVersion-4-20240511-20:45:07-11874,vector,Network.nodeRx.sink,packetUsed,,,"1.423845695755 2.116491404947 2.354204200535 2.554204200535 3.491167559374 4.071761492565 4.44814769467 4.729889324744 5.088818544298 5.361878494307 5.561878494307 5.761878494307 6.60303556729 6.80303556729 7.00303556729 7.20303556729 7.40303556729 7.828769084729 8.028769084729 8.300625144134 8.754023177207 8.954023177207 9.154023177207 9.354023177207 9.672808248886 9.872808248886 11.036914555671 11.314916844937 11.514916844937 11.714916844937 11.914916844937 12.291961955989 12.491961955989 12.691961955989 12.891961955989 13.091961955989 13.291961955989 13.491961955989 14.083556031649 14.583457105652 14.783457105652 14.983457105652 15.653753275676 15.853753275676 16.128894281047 16.999041881528 17.602664905511 17.802664905511 18.002664905511 18.202664905511 18.402664905511 18.602664905511 18.802664905511 19.002664905511 19.202664905511 19.402664905511 19.602664905511 19.999899348536 20.199899348536 20.935092365844 21.160267308708 21.773041642992 22.60516206433 23.146172110017 23.367424817693 23.567424817693 23.767424817693 23.967424817693 24.167424817693 24.367424817693 24.567424817693 24.767424817693 24.967424817693 25.167424817693 25.367424817693 25.567424817693 25.767424817693 25.967424817693 26.167424817693 26.367424817693 26.567424817693 26.767424817693 26.967424817693 27.167424817693 27.367424817693 27.567424817693 27.767424817693 27.967424817693 28.167424817693 28.367424817693 28.567424817693 28.767424817693 28.967424817693 29.167424817693 29.367424817693 29.567424817693 29.767424817693 29.967424817693 30.167424817693 30.367424817693 30.567424817693 30.767424817693 30.967424817693 31.167424817693 31.367424817693 31.567424817693 31.767424817693 31.967424817693 32.167424817693 32.367424817693 32.567424817693 32.767424817693 32.967424817693 33.727920589736 33.927920589736 34.127920589736 34.543231996128 35.170133081276 35.370133081276 35.691251454822 36.396367087625 36.596367087625 36.796367087625 37.389055788373 37.589055788373 37.789055788373 37.989055788373 38.468746673158 39.028905630261 39.425553694823 40.017568979614 40.377743573471 40.649414186989 40.981567735987 41.181567735987 41.381567735987 41.581567735987 41.781567735987 41.981567735987 42.181567735987 42.381567735987 42.581567735987 42.781567735987 43.07210026325 43.289017672687 43.489017672687 43.689017672687 43.889017672687 44.089017672687 44.502888336438 44.735895717887 44.935895717887 45.135895717887 45.335895717887 45.535895717887 46.286449333956 46.486449333956 46.686449333956 46.997120437222 47.197120437222 47.397120437222 47.597120437222 47.797120437222 47.997120437222 48.197120437222 48.397120437222 48.597120437222 49.278910386484 49.533248744802 49.733248744802 50.131467288676 50.665064767356 50.865740273782 51.329331727358 51.827779211762 52.178789893782 52.392944059485 52.708269028895 53.49231210881 54.323089496079 54.652908267775 54.852908267775 55.052908267775 55.252908267775 55.452908267775 55.901952887563 56.504424039868 56.704424039868 56.904424039868 57.104424039868 57.304424039868 57.834678408183 58.034678408183 58.234678408183 58.434678408183 58.943193180275 59.232624777985 59.469110753767 59.669110753767 59.869110753767 60.069110753767 60.269110753767 60.469110753767 60.669110753767 60.869110753767 61.069110753767 61.269110753767 61.469110753767 62.226587695608 62.426587695608 62.626587695608 63.148739462135 63.348739462135 64.004821397629 64.40097194105 64.610509161176 64.951109535556 65.364006582545 65.888656010343 66.089585472772 66.289585472772 66.489585472772 66.689585472772 66.889585472772 67.089585472772 67.289585472772 67.489585472772 67.689585472772 67.889585472772 68.089585472772 68.289585472772 68.649031485962 68.849031485962 69.555153913269 70.4187921529 71.223897587265 71.423897587265 71.623897587265 72.166745076903 72.366745076903 72.566745076903 72.766745076903 73.099051392687 73.299051392687 73.521487597491 73.721487597491 74.792184797667 74.992184797667 75.890132628514 76.090132628514 76.290132628514 76.490132628514 76.690132628514 76.890132628514 77.090132628514 77.290132628514 77.490132628514 77.861145655309 78.182577285447 78.382577285447 78.582577285447 79.09829922698 79.427785487752 79.638079410175 79.838079410175 80.098956981269 80.298956981269 80.498956981269 81.13454701722 81.33454701722 81.717009853355 82.01901359917 82.21901359917 82.41901359917 82.61901359917 83.059258952932 83.358909871201 84.183074289553 84.383074289553 84.583074289553 84.783074289553 84.983074289553 85.264435031358 85.763979075257 85.963979075257 86.163979075257 86.893025119106 87.09484568053 87.477220189893 88.090192747755 88.331032104097 89.016136899713 89.216136899713 89.416136899713 89.616136899713 89.816136899713 90.103133537109 90.353093895638 91.75955565862 92.424444134863 92.624444134863 92.824444134863 93.024444134863 93.224444134863 93.429602908266 93.629602908266 94.066169671763 94.266169671763 94.466169671763 94.666169671763 94.866169671763 95.186189914185 95.649752056338 96.114620103591 96.464258566697 96.779827349787 96.979827349787 97.179827349787 97.379827349787 98.977168138171 99.177168138171 99.377168138171 99.769399646326 100.100287188733 100.300287188733 100.500287188733 100.700287188733 100.900287188733 101.414581039424 102.04344238605 102.801113547353 103.073578984048 104.112572285997 104.312572285997 104.705711155138 105.120691256975 105.320691256975 105.538256202667 105.738256202667 105.938256202667 106.162308161106 106.362308161106 106.924310269721 107.124310269721 107.769801554575 107.969801554575 108.229548107142 109.140329572909 110.076069915776 110.276069915776 110.476069915776 110.676069915776 110.876069915776 111.7034909714 111.9034909714 112.471112732275 112.671112732275 112.871112732275 113.071112732275 113.271112732275 113.471112732275 113.671112732275 113.871112732275 114.071112732275 114.271112732275 114.471112732275 114.671112732275 114.871112732275 115.071112732275 115.271112732275 115.471112732275 115.671112732275 115.871112732275 116.071112732275 116.271112732275 116.471112732275 116.6963214667 116.8963214667 117.202203912012 117.402203912012 117.913857882398 119.316011900295 119.516011900295 119.851390286684 120.565439647237 120.765439647237 120.965439647237 121.165439647237 121.365439647237 121.565439647237 121.765439647237 121.965439647237 122.165439647237 122.712666934819 123.364487429749 123.564487429749 124.036242147415 124.236242147415 124.436242147415 125.316026108034 125.516026108034 125.716026108034 125.916026108034 126.116026108034 126.316026108034 126.516026108034 126.716026108034 126.916026108034 127.116026108034 127.316026108034 127.516026108034 127.716026108034 127.916026108034 128.116026108034 128.316026108034 128.516026108034 128.716026108034 128.916026108034 129.116026108034 129.316026108034 129.516026108034 129.716026108034 129.916026108034 130.116026108034 130.444556411036 130.681722126516 130.881722126516 131.081722126516 131.837452989675 132.037452989675 132.237452989675 132.437452989675 132.637452989675 132.837452989675 133.037452989675 133.237452989675 133.696595589701 133.896595589701 134.542981374676 134.742981374676 134.942981374676 135.639329466968 136.066822736749 136.266822736749 137.244260119602 137.551223291245 137.951334171642 138.151334171642 138.906572969962 139.106572969962 139.917017690024 140.31782456474 140.51782456474 141.043290523344 141.366840113563 141.566840113563 141.766840113563 141.966840113563 142.166840113563 142.366840113563 142.625079053925 143.096145048733 143.354424610078 145.221593814979 145.421593814979 145.862054693236 146.062054693236 146.262054693236 146.462054693236 146.662054693236 146.862054693236 147.062054693236 147.262054693236 147.462054693236 147.662054693236 147.862054693236 148.062054693236 148.262054693236 148.462054693236 148.662054693236 148.862054693236 149.062054693236 149.262054693236 149.462054693236 149.662054693236 149.862054693236 150.062054693236 150.262054693236 150.462054693236 150.662054693236 150.862054693236 151.062054693236 151.981258056503 152.307371332699 152.507371332699 152.707371332699 152.907371332699 153.107371332699 153.455999539925 153.655999539925 153.855999539925 154.055999539925 154.255999539925 154.455999539925 154.941673617863 155.141673617863 155.341673617863 155.541673617863 155.741673617863 155.941673617863 156.141673617863 156.341673617863 156.541673617863 156.741673617863 156.941673617863 157.141673617863 157.341673617863 157.541673617863 157.741673617863 158.078307483257 158.278307483257 158.478307483257 158.678307483257 159.08039331 159.28039331 159.537953639326 159.737953639326 159.937953639326 160.137953639326 160.586250899873 160.786250899873 161.091397567118 161.645053230502 161.845053230502 162.045053230502 162.245053230502 162.445053230502 162.645053230502 162.845053230502 163.264697212654 163.464697212654 163.746524190806 163.946524190806 164.146524190806 164.346524190806 165.040298079875 165.240298079875 165.440298079875 165.640298079875 165.840298079875 166.040298079875 166.324439908031 166.524439908031 167.431757410386 168.059896249736 168.259896249736 168.732213254338 168.934767808897 169.473456296805 169.878317893152 170.078317893152 170.278317893152 170.478317893152 170.678317893152 170.878317893152 171.078317893152 171.278317893152 171.478317893152 171.678317893152 172.196911534051 172.512760857828 173.619184281206 174.462915335689 174.662915335689 175.032217478373 176.041636015408 176.241636015408 176.441636015408 177.045871284931 177.892316120021 178.231409552432 178.431409552432 178.631409552432 179.356130408776 179.748922618477 179.948922618477 180.148922618477 180.348922618477 180.548922618477 180.748922618477 180.948922618477 181.148922618477 181.348922618477 181.548922618477 181.748922618477 181.948922618477 182.148922618477 183.011766399523 183.211766399523 183.411766399523 183.738312677102 183.938312677102 184.138312677102 184.338312677102 184.538312677102 184.738312677102 185.428352654542 185.737307583007 186.34472163223 186.54472163223 186.74472163223 186.94472163223 187.14472163223 187.34472163223 187.54472163223 187.74472163223 187.94472163223 188.14472163223 188.34472163223 188.54472163223 188.74472163223 188.94472163223 189.14472163223 189.34472163223 189.54472163223 189.74472163223 189.94472163223 190.429829472275 190.629829472275 190.829829472275 191.029829472275 191.495416732655 191.928859366026 192.442071494934 192.642071494934 192.842071494934 193.042071494934 193.242071494934 193.442071494934 194.552109845006 194.752109845006 194.952109845006 195.152109845006 195.352109845006 195.552109845006 195.752109845006 195.952109845006 196.152109845006 196.352109845006 196.552109845006 196.752109845006 196.952109845006 197.405399719324 197.605399719324 198.48883480984 198.68883480984 198.88883480984 199.08883480984 199.730659625138","1 1 1 1 1 1 1 1 1 1 1 1 1 1 1 1 1 1 1 1 1 1 1 1 1 1 1 1 1 1 1 1 1 1 1 1 1 1 1 1 1 1 1 1 1 1 1 1 1 1 1 1 1 1 1 1 1 1 1 1 1 1 1 1 1 1 1 1 1 1 1 1 1 1 1 1 1 1 1 1 1 1 1 1 1 1 1 1 1 1 1 1 1 1 1 1 1 1 1 1 1 1 1 1 1 1 1 1 1 1 1 1 1 1 1 1 1 1 1 1 1 1 1 1 1 1 1 1 1 1 1 1 1 1 1 1 1 1 1 1 1 1 1 1 1 1 1 1 1 1 1 1 1 1 1 1 1 1 1 1 1 1 1 1 1 1 1 1 1 1 1 1 1 1 1 1 1 1 1 1 1 1 1 1 1 1 1 1 1 1 1 1 1 1 1 1 1 1 1 1 1 1 1 1 1 1 1 1 1 1 1 1 1 1 1 1 1 1 1 1 1 1 1 1 1 1 1 1 1 1 1 1 1 1 1 1 1 1 1 1 1 1 1 1 1 1 1 1 1 1 1 1 1 1 1 1 1 1 1 1 1 1 1 1 1 1 1 1 1 1 1 1 1 1 1 1 1 1 1 1 1 1 1 1 1 1 1 1 1 1 1 1 1 1 1 1 1 1 1 1 1 1 1 1 1 1 1 1 1 1 1 1 1 1 1 1 1 1 1 1 1 1 1 1 1 1 1 1 1 1 1 1 1 1 1 1 1 1 1 1 1 1 1 1 1 1 1 1 1 1 1 1 1 1 1 1 1 1 1 1 1 1 1 1 1 1 1 1 1 1 1 1 1 1 1 1 1 1 1 1 1 1 1 1 1 1 1 1 1 1 1 1 1 1 1 1 1 1 1 1 1 1 1 1 1 1 1 1 1 1 1 1 1 1 1 1 1 1 1 1 1 1 1 1 1 1 1 1 1 1 1 1 1 1 1 1 1 1 1 1 1 1 1 1 1 1 1 1 1 1 1 1 1 1 1 1 1 1 1 1 1 1 1 1 1 1 1 1 1 1 1 1 1 1 1 1 1 1 1 1 1 1 1 1 1 1 1 1 1 1 1 1 1 1 1 1 1 1 1 1 1 1 1 1 1 1 1 1 1 1 1 1 1 1 1 1 1 1 1 1 1 1 1 1 1 1 1 1 1 1 1 1 1 1 1 1 1 1 1 1 1 1 1 1 1 1 1 1 1 1 1 1 1 1 1 1 1 1 1 1 1 1 1 1 1 1 1 1 1 1 1 1 1 1 1 1 1 1 1 1 1 1 1 1 1 1 1 1 1 1 1 1 1 1 1 1 1 1 1 1 1 1 1 1 1 1 1 1 1 1 1 1 1 1 1 1 1 1 1 1 1 1 1 1 1 1 1 1 1 1 1 1 1 1 1 1 1 1 1 1 1 1 1 1 1 1 1 1 1 1 1 1 1 1 1 1 1 1 1"
